Type,Name,Request Count,Failure Count,Median Response Time,Average Response Time,Min Response Time,Max Response Time,Average Content Size,Requests/s,Failures/s,50%,66%,75%,80%,90%,95%,98%,99%,99.9%,99.99%,100%
GET,/?p=9,11393,60,3000,3105.397886272707,2.6898230007645907,9423.772578998978,437108.63951549196,94.9159117859514,0.4998643647114091,3000,3400,3700,4000,4800,5600,6600,7300,8900,9200,9400
,Aggregated,11393,60,3000,3105.397886272707,2.6898230007645907,9423.772578998978,437108.63951549196,94.9159117859514,0.4998643647114091,3000,3400,3700,4000,4800,5600,6600,7300,8900,9200,9400
